{"cameraMode":{"drawMode":0,"name":"Shaded","section":"Shading Mode"},"sceneLighting":true,"audioPlay":false,"sceneViewState":{"showFog":false,"showMaterialUpdate":false,"showSkybox":false,"showFlares":false,"showImageEffects":false,"showParticleSystems":false},"in2DMode":false,"pivot":{"x":-9.938183784484864,"y":7.993135452270508,"z":20.420639038085939},"rotation":{"x":-0.098042331635952,"y":-0.8678122758865356,"z":0.18183481693267823,"w":-0.45367681980133059},"size":32.8880615234375,"orthographic":true}